<?xml version="1.0" encoding="UTF-8" ?>
<webTalkData  fileName='usage_statistics_ext_xsim.xml'  majorVersion='1' minorVersion='0' timeStamp='Mon Dec  9 12:20:27 2024'>
<section name="__ROOT__" level="0" order="1" description="">
 <section name="software_version_and_target_device" level="1" order="1" description="">
  <keyValuePair key="beta" value="FALSE" description="" />
  <keyValuePair key="build_version" value="2552052" description="" />
  <keyValuePair key="date_generated" value="Mon Dec  9 12:20:27 2024" description="" />
  <keyValuePair key="os_platform" value="LIN64" description="" />
  <keyValuePair key="product_version" value="XSIM v2019.1 (64-bit)" description="" />
  <keyValuePair key="project_id" value="90ade408325743189163f653a599d5ab" description="" />
  <keyValuePair key="project_iteration" value="164" description="" />
  <keyValuePair key="random_id" value="59261716-f8f8-4253-ac94-810b5cd387f7" description="" />
  <keyValuePair key="registration_id" value="59261716-f8f8-4253-ac94-810b5cd387f7" description="" />
  <keyValuePair key="route_design" value="FALSE" description="" />
  <keyValuePair key="target_device" value="not_applicable" description="" />
  <keyValuePair key="target_family" value="not_applicable" description="" />
  <keyValuePair key="target_package" value="not_applicable" description="" />
  <keyValuePair key="target_speed" value="not_applicable" description="" />
  <keyValuePair key="tool_flow" value="xsim_vivado" description="" />
 </section>
 <section name="user_environment" level="1" order="2" description="">
  <keyValuePair key="cpu_name" value="13th Gen Intel(R) Core(TM) i7-1370P" description="" />
  <keyValuePair key="cpu_speed" value="856.080 MHz" description="" />
  <keyValuePair key="os_name" value="Ubuntu" description="" />
  <keyValuePair key="os_release" value="Ubuntu 24.04.1 LTS" description="" />
  <keyValuePair key="system_ram" value="33.000 GB" description="" />
  <keyValuePair key="total_processors" value="1" description="" />
 </section>
 <section name="vivado_usage" level="1" order="3" description="">
 </section>
 <section name="xsim" level="1" order="4" description="">
  <section name="command_line_options" level="2" order="1" description="">
   <keyValuePair key="command" value="xelab" description="" />
   <keyValuePair key="debug" value="typical" description="" />
   <keyValuePair key="dpi_used" value="false" description="" />
   <keyValuePair key="file_counter" value="11" description="" />
   <keyValuePair key="gendll" value="false" description="" />
   <keyValuePair key="hwcosim" value="false" description="" />
   <keyValuePair key="sdfmodeling" value="false" description="" />
   <keyValuePair key="systemverilog" value="true" description="" />
   <keyValuePair key="vhdl2008" value="false" description="" />
  </section>
  <section name="usage" level="2" order="2" description="">
   <keyValuePair key="compiler_memory" value="216280_KB" description="" />
   <keyValuePair key="compiler_time" value="0.73_sec" description="" />
   <keyValuePair key="simulation_image_code" value="80 KB" description="" />
   <keyValuePair key="simulation_image_data" value="13 KB" description="" />
   <keyValuePair key="total_instances" value="42" description="" />
   <keyValuePair key="total_nets" value="0" description="" />
   <keyValuePair key="total_processes" value="242" description="" />
   <keyValuePair key="xilinx_hdl_libraries_used" value="secureip unimacro_ver unisims_ver " description="" />
  </section>
 </section>
</section>
</webTalkData>
