<?xml version="1.0" encoding="UTF-8"?>
<GenRun Id="impl_1" LaunchPart="xc7a100tcsg324-1" LaunchTime="1733753038">
  <File Type="WBT-USG" Name="usage_statistics_webtalk.html"/>
  <File Type="BG-DRC" Name="VGA_TOP.drc"/>
  <File Type="BG-BGN" Name="VGA_TOP.bgn"/>
  <File Type="BITSTR-SYSDEF" Name="VGA_TOP.sysdef"/>
  <File Type="BITSTR-LTX" Name="debug_nets.ltx"/>
  <File Type="BITSTR-LTX" Name="VGA_TOP.ltx"/>
  <File Type="BITSTR-MMI" Name="VGA_TOP.mmi"/>
  <File Type="BITSTR-BMM" Name="VGA_TOP_bd.bmm"/>
  <File Type="BITSTR-NKY" Name="VGA_TOP.nky"/>
  <File Type="BITSTR-RBT" Name="VGA_TOP.rbt"/>
  <File Type="BITSTR-MSK" Name="VGA_TOP.msk"/>
  <File Type="BG-BIN" Name="VGA_TOP.bin"/>
  <File Type="BG-BIT" Name="VGA_TOP.bit"/>
  <File Type="POSTROUTE-PHYSOPT-BUS-SKEW-RPX" Name="VGA_TOP_bus_skew_postroute_physopted.rpx"/>
  <File Type="POSTROUTE-PHYSOPT-BUS-SKEW-PB" Name="VGA_TOP_bus_skew_postroute_physopted.pb"/>
  <File Type="RDI-RDI" Name="VGA_TOP.vdi"/>
  <File Type="POSTROUTE-PHYSOPT-TIMING-RPX" Name="VGA_TOP_timing_summary_postroute_physopted.rpx"/>
  <File Type="POSTROUTE-PHYSOPT-TIMING-PB" Name="VGA_TOP_timing_summary_postroute_physopted.pb"/>
  <File Type="POSTROUTE-PHYSOPT-TIMING" Name="VGA_TOP_timing_summary_postroute_physopted.rpt"/>
  <File Type="POSTROUTE-PHYSOPT-BLACKBOX-DCP" Name="VGA_TOP_postroute_physopt_bb.dcp"/>
  <File Type="POSTROUTE-PHYSOPT-DCP" Name="VGA_TOP_postroute_physopt.dcp"/>
  <File Type="ROUTE-BUS-SKEW" Name="VGA_TOP_bus_skew_routed.rpt"/>
  <File Type="ROUTE-CLK" Name="VGA_TOP_clock_utilization_routed.rpt"/>
  <File Type="ROUTE-SIMILARITY" Name="VGA_TOP_incremental_reuse_routed.rpt"/>
  <File Type="ROUTE-TIMING-RPX" Name="VGA_TOP_timing_summary_routed.rpx"/>
  <File Type="ROUTE-TIMING-PB" Name="VGA_TOP_timing_summary_routed.pb"/>
  <File Type="ROUTE-TIMINGSUMMARY" Name="VGA_TOP_timing_summary_routed.rpt"/>
  <File Type="ROUTE-STATUS-PB" Name="VGA_TOP_route_status.pb"/>
  <File Type="ROUTE-STATUS" Name="VGA_TOP_route_status.rpt"/>
  <File Type="ROUTE-PWR-RPX" Name="VGA_TOP_power_routed.rpx"/>
  <File Type="ROUTE-PWR-SUM" Name="VGA_TOP_power_summary_routed.pb"/>
  <File Type="ROUTE-PWR" Name="VGA_TOP_power_routed.rpt"/>
  <File Type="ROUTE-METHODOLOGY-DRC-PB" Name="VGA_TOP_methodology_drc_routed.pb"/>
  <File Type="ROUTE-METHODOLOGY-DRC-RPX" Name="VGA_TOP_methodology_drc_routed.rpx"/>
  <File Type="ROUTE-METHODOLOGY-DRC" Name="VGA_TOP_methodology_drc_routed.rpt"/>
  <File Type="ROUTE-DRC-RPX" Name="VGA_TOP_drc_routed.rpx"/>
  <File Type="ROUTE-DRC-PB" Name="VGA_TOP_drc_routed.pb"/>
  <File Type="ROUTE-DRC" Name="VGA_TOP_drc_routed.rpt"/>
  <File Type="ROUTE-BLACKBOX-DCP" Name="VGA_TOP_routed_bb.dcp"/>
  <File Type="ROUTE-DCP" Name="VGA_TOP_routed.dcp"/>
  <File Type="ROUTE-ERROR-DCP" Name="VGA_TOP_routed_error.dcp"/>
  <File Type="PHYSOPT-TIMING" Name="VGA_TOP_timing_summary_physopted.rpt"/>
  <File Type="PHYSOPT-DRC" Name="VGA_TOP_drc_physopted.rpt"/>
  <File Type="PHYSOPT-DCP" Name="VGA_TOP_physopt.dcp"/>
  <File Type="POSTPLACE-PWROPT-TIMING" Name="VGA_TOP_timing_summary_postplace_pwropted.rpt"/>
  <File Type="POSTPLACE-PWROPT-DCP" Name="VGA_TOP_postplace_pwropt.dcp"/>
  <File Type="PLACE-TIMING" Name="VGA_TOP_timing_summary_placed.rpt"/>
  <File Type="PLACE-PRE-SIMILARITY" Name="VGA_TOP_incremental_reuse_pre_placed.rpt"/>
  <File Type="PLACE-SIMILARITY" Name="VGA_TOP_incremental_reuse_placed.rpt"/>
  <File Type="PLACE-CTRL" Name="VGA_TOP_control_sets_placed.rpt"/>
  <File Type="PLACE-UTIL-PB" Name="VGA_TOP_utilization_placed.pb"/>
  <File Type="PLACE-UTIL" Name="VGA_TOP_utilization_placed.rpt"/>
  <File Type="PLACE-CLK" Name="VGA_TOP_clock_utilization_placed.rpt"/>
  <File Type="PLACE-IO" Name="VGA_TOP_io_placed.rpt"/>
  <File Type="PLACE-DCP" Name="VGA_TOP_placed.dcp"/>
  <File Type="PWROPT-TIMING" Name="VGA_TOP_timing_summary_pwropted.rpt"/>
  <File Type="PWROPT-DRC" Name="VGA_TOP_drc_pwropted.rpt"/>
  <File Type="PWROPT-DCP" Name="VGA_TOP_pwropt.dcp"/>
  <File Type="OPT-TIMING" Name="VGA_TOP_timing_summary_opted.rpt"/>
  <File Type="OPT-HWDEF" Name="VGA_TOP.hwdef"/>
  <File Type="OPT-METHODOLOGY-DRC" Name="VGA_TOP_methodology_drc_opted.rpt"/>
  <File Type="OPT-DRC" Name="VGA_TOP_drc_opted.rpt"/>
  <File Type="OPT-DCP" Name="VGA_TOP_opt.dcp"/>
  <File Type="INIT-TIMING" Name="VGA_TOP_timing_summary_init.rpt"/>
  <File Type="ROUTE-BUS-SKEW-RPX" Name="VGA_TOP_bus_skew_routed.rpx"/>
  <File Type="REPORTS-TCL" Name="VGA_TOP_reports.tcl"/>
  <File Type="ROUTE-BUS-SKEW-PB" Name="VGA_TOP_bus_skew_routed.pb"/>
  <File Type="PA-TCL" Name="VGA_TOP.tcl"/>
  <File Type="POSTROUTE-PHYSOPT-BUS-SKEW" Name="VGA_TOP_bus_skew_postroute_physopted.rpt"/>
  <File Type="PA-DCP" Name="VGA_TOP.dcp"/>
  <FileSet Name="sources" Type="DesignSrcs" RelSrcDir="$PSRCDIR/sources_1">
    <Filter Type="Srcs"/>
    <File Path="$PSRCDIR/sources_1/imports/Downloads/vga_controller.v">
      <FileInfo>
        <Attr Name="ImportPath" Val="$PPRDIR/../../../Downloads/vga_controller.v"/>
        <Attr Name="ImportTime" Val="1733648738"/>
        <Attr Name="UsedIn" Val="synthesis"/>
        <Attr Name="UsedIn" Val="implementation"/>
        <Attr Name="UsedIn" Val="simulation"/>
      </FileInfo>
    </File>
    <File Path="$PSRCDIR/sources_1/imports/it/DigitalSystemDesign/Assignment2/VGA_display_top/VGA_display_top.srcs/sources_1/imports/data_path/bresenham_algo/bresenham_algo.srcs/sources_1/new/bresenham_algo.sv">
      <FileInfo>
        <Attr Name="ImportPath" Val="$PPRDIR/../VGA_display_top/VGA_display_top.srcs/sources_1/imports/data_path/bresenham_algo/bresenham_algo.srcs/sources_1/new/bresenham_algo.sv"/>
        <Attr Name="ImportTime" Val="1733400533"/>
        <Attr Name="UsedIn" Val="synthesis"/>
        <Attr Name="UsedIn" Val="implementation"/>
        <Attr Name="UsedIn" Val="simulation"/>
      </FileInfo>
    </File>
    <File Path="$PSRCDIR/sources_1/imports/it/DigitalSystemDesign/Assignment2/VGA_display_top/VGA_display_top.srcs/sources_1/imports/controlpath/controlpath.srcs/sources_1/new/controlpath.sv">
      <FileInfo>
        <Attr Name="ImportPath" Val="$PPRDIR/../VGA_display_top/VGA_display_top.srcs/sources_1/imports/controlpath/controlpath.srcs/sources_1/new/controlpath.sv"/>
        <Attr Name="ImportTime" Val="1733407058"/>
        <Attr Name="UsedIn" Val="synthesis"/>
        <Attr Name="UsedIn" Val="implementation"/>
        <Attr Name="UsedIn" Val="simulation"/>
      </FileInfo>
    </File>
    <File Path="$PSRCDIR/sources_1/imports/it/DigitalSystemDesign/Assignment2/VGA_display_top/VGA_display_top.srcs/sources_1/imports/data_path/bresenham_algo/bresenham_algo.srcs/sources_1/imports/Lab4/d_FF/d_FF_srcs/d_flipflop.sv">
      <FileInfo>
        <Attr Name="ImportPath" Val="$PPRDIR/../VGA_display_top/VGA_display_top.srcs/sources_1/imports/data_path/bresenham_algo/bresenham_algo.srcs/sources_1/imports/Lab4/d_FF/d_FF_srcs/d_flipflop.sv"/>
        <Attr Name="ImportTime" Val="1733315730"/>
        <Attr Name="UsedIn" Val="synthesis"/>
        <Attr Name="UsedIn" Val="implementation"/>
        <Attr Name="UsedIn" Val="simulation"/>
      </FileInfo>
    </File>
    <File Path="$PSRCDIR/sources_1/imports/it/DigitalSystemDesign/Assignment2/VGA_display_top/VGA_display_top.srcs/sources_1/imports/data_path/line_clear/line_clear.srcs/sources_1/new/lineclear_algo.sv">
      <FileInfo>
        <Attr Name="ImportPath" Val="$PPRDIR/../VGA_display_top/VGA_display_top.srcs/sources_1/imports/data_path/line_clear/line_clear.srcs/sources_1/new/lineclear_algo.sv"/>
        <Attr Name="ImportTime" Val="1733398654"/>
        <Attr Name="UsedIn" Val="synthesis"/>
        <Attr Name="UsedIn" Val="implementation"/>
        <Attr Name="UsedIn" Val="simulation"/>
      </FileInfo>
    </File>
    <File Path="$PSRCDIR/sources_1/imports/it/DigitalSystemDesign/Assignment2/VGA_display_top/VGA_display_top.srcs/sources_1/imports/data_path/bresenham_algo/bresenham_algo.srcs/sources_1/imports/new/nbit_counter.sv">
      <FileInfo>
        <Attr Name="ImportPath" Val="$PPRDIR/../VGA_display_top/VGA_display_top.srcs/sources_1/imports/data_path/bresenham_algo/bresenham_algo.srcs/sources_1/imports/new/nbit_counter.sv"/>
        <Attr Name="ImportTime" Val="1733315660"/>
        <Attr Name="UsedIn" Val="synthesis"/>
        <Attr Name="UsedIn" Val="implementation"/>
        <Attr Name="UsedIn" Val="simulation"/>
      </FileInfo>
    </File>
    <File Path="$PSRCDIR/sources_1/imports/Downloads/vga_core.sv">
      <FileInfo>
        <Attr Name="ImportPath" Val="$PPRDIR/../../../Downloads/vga_core.sv"/>
        <Attr Name="ImportTime" Val="1733648730"/>
        <Attr Name="UsedIn" Val="synthesis"/>
        <Attr Name="UsedIn" Val="implementation"/>
        <Attr Name="UsedIn" Val="simulation"/>
      </FileInfo>
    </File>
    <File Path="$PSRCDIR/sources_1/imports/Downloads/video_memory.sv">
      <FileInfo>
        <Attr Name="ImportPath" Val="$PPRDIR/../../../Downloads/video_memory.sv"/>
        <Attr Name="ImportTime" Val="1733648744"/>
        <Attr Name="UsedIn" Val="synthesis"/>
        <Attr Name="UsedIn" Val="implementation"/>
        <Attr Name="UsedIn" Val="simulation"/>
      </FileInfo>
    </File>
    <File Path="$PSRCDIR/sources_1/new/VGA_TOP.sv">
      <FileInfo>
        <Attr Name="UsedIn" Val="synthesis"/>
        <Attr Name="UsedIn" Val="implementation"/>
        <Attr Name="UsedIn" Val="simulation"/>
      </FileInfo>
    </File>
    <File Path="$PSRCDIR/sources_1/imports/it/DigitalSystemDesign/Assignment2/VGA_display_top/VGA_display_top.srcs/sources_1/imports/data_path/line_clear/line_clear.srcs/sources_1/new/n_bit_counter.sv">
      <FileInfo>
        <Attr Name="AutoDisabled" Val="1"/>
        <Attr Name="ImportPath" Val="$PPRDIR/../VGA_display_top/VGA_display_top.srcs/sources_1/imports/data_path/line_clear/line_clear.srcs/sources_1/new/n_bit_counter.sv"/>
        <Attr Name="ImportTime" Val="1733382469"/>
        <Attr Name="UsedIn" Val="synthesis"/>
        <Attr Name="UsedIn" Val="implementation"/>
        <Attr Name="UsedIn" Val="simulation"/>
      </FileInfo>
    </File>
    <File Path="$PSRCDIR/sources_1/imports/it/DigitalSystemDesign/Assignment2/VGA_display_top/VGA_display_top.srcs/sources_1/imports/controlpath/controlpath.sim/sim_1/behav/xsim/glbl.v">
      <FileInfo>
        <Attr Name="AutoDisabled" Val="1"/>
        <Attr Name="ImportPath" Val="$PPRDIR/../VGA_display_top/VGA_display_top.srcs/sources_1/imports/controlpath/controlpath.sim/sim_1/behav/xsim/glbl.v"/>
        <Attr Name="ImportTime" Val="1558713910"/>
        <Attr Name="UsedIn" Val="synthesis"/>
        <Attr Name="UsedIn" Val="implementation"/>
        <Attr Name="UsedIn" Val="simulation"/>
      </FileInfo>
    </File>
    <File Path="$PSRCDIR/sources_1/imports/it/DigitalSystemDesign/Assignment2/VGA_display_top/VGA_display_top.srcs/sources_1/imports/data_path/bresenham_algo/bresenham_algo.srcs/sim_1/new/tb_bresenham_algo.sv">
      <FileInfo>
        <Attr Name="AutoDisabled" Val="1"/>
        <Attr Name="ImportPath" Val="$PPRDIR/../VGA_display_top/VGA_display_top.srcs/sources_1/imports/data_path/bresenham_algo/bresenham_algo.srcs/sim_1/new/tb_bresenham_algo.sv"/>
        <Attr Name="ImportTime" Val="1733400530"/>
        <Attr Name="UsedIn" Val="synthesis"/>
        <Attr Name="UsedIn" Val="implementation"/>
        <Attr Name="UsedIn" Val="simulation"/>
      </FileInfo>
    </File>
    <File Path="$PSRCDIR/sources_1/imports/it/DigitalSystemDesign/Assignment2/VGA_display_top/VGA_display_top.srcs/sources_1/imports/controlpath/controlpath.srcs/sim_1/new/tb_controlpath.sv">
      <FileInfo>
        <Attr Name="AutoDisabled" Val="1"/>
        <Attr Name="ImportPath" Val="$PPRDIR/../VGA_display_top/VGA_display_top.srcs/sources_1/imports/controlpath/controlpath.srcs/sim_1/new/tb_controlpath.sv"/>
        <Attr Name="ImportTime" Val="1733401278"/>
        <Attr Name="UsedIn" Val="synthesis"/>
        <Attr Name="UsedIn" Val="implementation"/>
        <Attr Name="UsedIn" Val="simulation"/>
      </FileInfo>
    </File>
    <File Path="$PSRCDIR/sources_1/imports/it/DigitalSystemDesign/Assignment2/VGA_display_top/VGA_display_top.srcs/sources_1/imports/data_path/line_clear/line_clear.srcs/sim_1/new/tb_lineclear_algo.sv">
      <FileInfo>
        <Attr Name="AutoDisabled" Val="1"/>
        <Attr Name="ImportPath" Val="$PPRDIR/../VGA_display_top/VGA_display_top.srcs/sources_1/imports/data_path/line_clear/line_clear.srcs/sim_1/new/tb_lineclear_algo.sv"/>
        <Attr Name="ImportTime" Val="1733404647"/>
        <Attr Name="UsedIn" Val="synthesis"/>
        <Attr Name="UsedIn" Val="implementation"/>
        <Attr Name="UsedIn" Val="simulation"/>
      </FileInfo>
    </File>
    <File Path="$PSRCDIR/sources_1/imports/it/DigitalSystemDesign/Assignment2/VGA_display_top/VGA_display_top.srcs/sources_1/imports/data_path/line_clear/line_clear.sim/sim_1/behav/xsim/glbl.v">
      <FileInfo>
        <Attr Name="AutoDisabled" Val="1"/>
        <Attr Name="ImportPath" Val="$PPRDIR/../VGA_display_top/VGA_display_top.srcs/sources_1/imports/data_path/line_clear/line_clear.sim/sim_1/behav/xsim/glbl.v"/>
        <Attr Name="ImportTime" Val="1558713910"/>
        <Attr Name="UsedIn" Val="synthesis"/>
        <Attr Name="UsedIn" Val="implementation"/>
        <Attr Name="UsedIn" Val="simulation"/>
      </FileInfo>
    </File>
    <File Path="$PSRCDIR/sources_1/imports/it/DigitalSystemDesign/Assignment2/VGA_display_top/VGA_display_top.srcs/sources_1/imports/data_path/bresenham_algo/bresenham_algo.sim/sim_1/behav/xsim/glbl.v">
      <FileInfo>
        <Attr Name="AutoDisabled" Val="1"/>
        <Attr Name="ImportPath" Val="$PPRDIR/../VGA_display_top/VGA_display_top.srcs/sources_1/imports/data_path/bresenham_algo/bresenham_algo.sim/sim_1/behav/xsim/glbl.v"/>
        <Attr Name="ImportTime" Val="1558713910"/>
        <Attr Name="UsedIn" Val="synthesis"/>
        <Attr Name="UsedIn" Val="implementation"/>
        <Attr Name="UsedIn" Val="simulation"/>
      </FileInfo>
    </File>
    <Config>
      <Option Name="DesignMode" Val="RTL"/>
      <Option Name="TopModule" Val="VGA_TOP"/>
      <Option Name="TopAutoSet" Val="TRUE"/>
    </Config>
  </FileSet>
  <FileSet Name="constrs_in" Type="Constrs" RelSrcDir="$PSRCDIR/constrs_1">
    <Filter Type="Constrs"/>
    <File Path="$PSRCDIR/constrs_1/imports/FPGA programming files/pin-assignment.xdc">
      <FileInfo>
        <Attr Name="ImportPath" Val="$PPRDIR/../VGA_display_top/VGA_display_top.srcs/constrs_1/imports/FPGA programming files/pin-assignment.xdc"/>
        <Attr Name="ImportTime" Val="1733406640"/>
        <Attr Name="UsedIn" Val="synthesis"/>
        <Attr Name="UsedIn" Val="implementation"/>
      </FileInfo>
    </File>
    <Config>
      <Option Name="TargetConstrsFile" Val="$PSRCDIR/constrs_1/imports/FPGA programming files/pin-assignment.xdc"/>
      <Option Name="ConstrsType" Val="XDC"/>
    </Config>
  </FileSet>
  <FileSet Name="utils" Type="Utils" RelSrcDir="$PSRCDIR/utils_1">
    <Filter Type="Utils"/>
    <Config>
      <Option Name="TopAutoSet" Val="TRUE"/>
    </Config>
  </FileSet>
  <Strategy Version="1" Minor="2">
    <StratHandle Name="Vivado Implementation Defaults" Flow="Vivado Implementation 2019"/>
    <Step Id="init_design"/>
    <Step Id="opt_design"/>
    <Step Id="power_opt_design"/>
    <Step Id="place_design"/>
    <Step Id="post_place_power_opt_design"/>
    <Step Id="phys_opt_design"/>
    <Step Id="route_design"/>
    <Step Id="post_route_phys_opt_design"/>
    <Step Id="write_bitstream"/>
  </Strategy>
</GenRun>
