<?xml version="1.0" encoding="UTF-8"?>
<GenRun Id="synth_1" LaunchPart="xc7a100tcsg324-1" LaunchTime="1733754390">
  <File Type="VDS-TIMING-PB" Name="VGA_TOP_timing_summary_synth.pb"/>
  <File Type="VDS-TIMINGSUMMARY" Name="VGA_TOP_timing_summary_synth.rpt"/>
  <File Type="RDS-DCP" Name="VGA_TOP.dcp"/>
  <File Type="RDS-UTIL-PB" Name="VGA_TOP_utilization_synth.pb"/>
  <File Type="RDS-UTIL" Name="VGA_TOP_utilization_synth.rpt"/>
  <File Type="RDS-PROPCONSTRS" Name="VGA_TOP_drc_synth.rpt"/>
  <File Type="RDS-RDS" Name="VGA_TOP.vds"/>
  <File Type="REPORTS-TCL" Name="VGA_TOP_reports.tcl"/>
  <File Type="PA-TCL" Name="VGA_TOP.tcl"/>
  <FileSet Name="sources" Type="DesignSrcs" RelSrcDir="$PSRCDIR/sources_1">
    <Filter Type="Srcs"/>
    <File Path="$PSRCDIR/sources_1/imports/Downloads/vga_controller.v">
      <FileInfo>
        <Attr Name="ImportPath" Val="$PPRDIR/../../../Downloads/vga_controller.v"/>
        <Attr Name="ImportTime" Val="1733648738"/>
        <Attr Name="UsedIn" Val="synthesis"/>
        <Attr Name="UsedIn" Val="implementation"/>
        <Attr Name="UsedIn" Val="simulation"/>
      </FileInfo>
    </File>
    <File Path="$PSRCDIR/sources_1/imports/it/DigitalSystemDesign/Assignment2/VGA_display_top/VGA_display_top.srcs/sources_1/imports/data_path/bresenham_algo/bresenham_algo.srcs/sources_1/new/bresenham_algo.sv">
      <FileInfo>
        <Attr Name="ImportPath" Val="$PPRDIR/../VGA_display_top/VGA_display_top.srcs/sources_1/imports/data_path/bresenham_algo/bresenham_algo.srcs/sources_1/new/bresenham_algo.sv"/>
        <Attr Name="ImportTime" Val="1733400533"/>
        <Attr Name="UsedIn" Val="synthesis"/>
        <Attr Name="UsedIn" Val="implementation"/>
        <Attr Name="UsedIn" Val="simulation"/>
      </FileInfo>
    </File>
    <File Path="$PSRCDIR/sources_1/imports/it/DigitalSystemDesign/Assignment2/VGA_display_top/VGA_display_top.srcs/sources_1/imports/controlpath/controlpath.srcs/sources_1/new/controlpath.sv">
      <FileInfo>
        <Attr Name="ImportPath" Val="$PPRDIR/../VGA_display_top/VGA_display_top.srcs/sources_1/imports/controlpath/controlpath.srcs/sources_1/new/controlpath.sv"/>
        <Attr Name="ImportTime" Val="1733407058"/>
        <Attr Name="UsedIn" Val="synthesis"/>
        <Attr Name="UsedIn" Val="implementation"/>
        <Attr Name="UsedIn" Val="simulation"/>
      </FileInfo>
    </File>
    <File Path="$PSRCDIR/sources_1/imports/it/DigitalSystemDesign/Assignment2/VGA_display_top/VGA_display_top.srcs/sources_1/imports/data_path/bresenham_algo/bresenham_algo.srcs/sources_1/imports/Lab4/d_FF/d_FF_srcs/d_flipflop.sv">
      <FileInfo>
        <Attr Name="ImportPath" Val="$PPRDIR/../VGA_display_top/VGA_display_top.srcs/sources_1/imports/data_path/bresenham_algo/bresenham_algo.srcs/sources_1/imports/Lab4/d_FF/d_FF_srcs/d_flipflop.sv"/>
        <Attr Name="ImportTime" Val="1733315730"/>
        <Attr Name="UsedIn" Val="synthesis"/>
        <Attr Name="UsedIn" Val="implementation"/>
        <Attr Name="UsedIn" Val="simulation"/>
      </FileInfo>
    </File>
    <File Path="$PSRCDIR/sources_1/imports/it/DigitalSystemDesign/Assignment2/VGA_display_top/VGA_display_top.srcs/sources_1/imports/data_path/line_clear/line_clear.srcs/sources_1/new/lineclear_algo.sv">
      <FileInfo>
        <Attr Name="ImportPath" Val="$PPRDIR/../VGA_display_top/VGA_display_top.srcs/sources_1/imports/data_path/line_clear/line_clear.srcs/sources_1/new/lineclear_algo.sv"/>
        <Attr Name="ImportTime" Val="1733398654"/>
        <Attr Name="UsedIn" Val="synthesis"/>
        <Attr Name="UsedIn" Val="implementation"/>
        <Attr Name="UsedIn" Val="simulation"/>
      </FileInfo>
    </File>
    <File Path="$PSRCDIR/sources_1/imports/it/DigitalSystemDesign/Assignment2/VGA_display_top/VGA_display_top.srcs/sources_1/imports/data_path/bresenham_algo/bresenham_algo.srcs/sources_1/imports/new/nbit_counter.sv">
      <FileInfo>
        <Attr Name="ImportPath" Val="$PPRDIR/../VGA_display_top/VGA_display_top.srcs/sources_1/imports/data_path/bresenham_algo/bresenham_algo.srcs/sources_1/imports/new/nbit_counter.sv"/>
        <Attr Name="ImportTime" Val="1733315660"/>
        <Attr Name="UsedIn" Val="synthesis"/>
        <Attr Name="UsedIn" Val="implementation"/>
        <Attr Name="UsedIn" Val="simulation"/>
      </FileInfo>
    </File>
    <File Path="$PSRCDIR/sources_1/imports/Downloads/vga_core.sv">
      <FileInfo>
        <Attr Name="ImportPath" Val="$PPRDIR/../../../Downloads/vga_core.sv"/>
        <Attr Name="ImportTime" Val="1733648730"/>
        <Attr Name="UsedIn" Val="synthesis"/>
        <Attr Name="UsedIn" Val="implementation"/>
        <Attr Name="UsedIn" Val="simulation"/>
      </FileInfo>
    </File>
    <File Path="$PSRCDIR/sources_1/imports/Downloads/video_memory.sv">
      <FileInfo>
        <Attr Name="ImportPath" Val="$PPRDIR/../../../Downloads/video_memory.sv"/>
        <Attr Name="ImportTime" Val="1733648744"/>
        <Attr Name="UsedIn" Val="synthesis"/>
        <Attr Name="UsedIn" Val="implementation"/>
        <Attr Name="UsedIn" Val="simulation"/>
      </FileInfo>
    </File>
    <File Path="$PSRCDIR/sources_1/new/VGA_TOP.sv">
      <FileInfo>
        <Attr Name="UsedIn" Val="synthesis"/>
        <Attr Name="UsedIn" Val="implementation"/>
        <Attr Name="UsedIn" Val="simulation"/>
      </FileInfo>
    </File>
    <File Path="$PSRCDIR/sources_1/imports/it/DigitalSystemDesign/Assignment2/VGA_display_top/VGA_display_top.srcs/sources_1/imports/data_path/line_clear/line_clear.srcs/sources_1/new/n_bit_counter.sv">
      <FileInfo>
        <Attr Name="AutoDisabled" Val="1"/>
        <Attr Name="ImportPath" Val="$PPRDIR/../VGA_display_top/VGA_display_top.srcs/sources_1/imports/data_path/line_clear/line_clear.srcs/sources_1/new/n_bit_counter.sv"/>
        <Attr Name="ImportTime" Val="1733382469"/>
        <Attr Name="UsedIn" Val="synthesis"/>
        <Attr Name="UsedIn" Val="implementation"/>
        <Attr Name="UsedIn" Val="simulation"/>
      </FileInfo>
    </File>
    <File Path="$PSRCDIR/sources_1/imports/it/DigitalSystemDesign/Assignment2/VGA_display_top/VGA_display_top.srcs/sources_1/imports/controlpath/controlpath.sim/sim_1/behav/xsim/glbl.v">
      <FileInfo>
        <Attr Name="AutoDisabled" Val="1"/>
        <Attr Name="ImportPath" Val="$PPRDIR/../VGA_display_top/VGA_display_top.srcs/sources_1/imports/controlpath/controlpath.sim/sim_1/behav/xsim/glbl.v"/>
        <Attr Name="ImportTime" Val="1558713910"/>
        <Attr Name="UsedIn" Val="synthesis"/>
        <Attr Name="UsedIn" Val="implementation"/>
        <Attr Name="UsedIn" Val="simulation"/>
      </FileInfo>
    </File>
    <File Path="$PSRCDIR/sources_1/imports/it/DigitalSystemDesign/Assignment2/VGA_display_top/VGA_display_top.srcs/sources_1/imports/data_path/bresenham_algo/bresenham_algo.srcs/sim_1/new/tb_bresenham_algo.sv">
      <FileInfo>
        <Attr Name="AutoDisabled" Val="1"/>
        <Attr Name="ImportPath" Val="$PPRDIR/../VGA_display_top/VGA_display_top.srcs/sources_1/imports/data_path/bresenham_algo/bresenham_algo.srcs/sim_1/new/tb_bresenham_algo.sv"/>
        <Attr Name="ImportTime" Val="1733400530"/>
        <Attr Name="UsedIn" Val="synthesis"/>
        <Attr Name="UsedIn" Val="implementation"/>
        <Attr Name="UsedIn" Val="simulation"/>
      </FileInfo>
    </File>
    <File Path="$PSRCDIR/sources_1/imports/it/DigitalSystemDesign/Assignment2/VGA_display_top/VGA_display_top.srcs/sources_1/imports/controlpath/controlpath.srcs/sim_1/new/tb_controlpath.sv">
      <FileInfo>
        <Attr Name="AutoDisabled" Val="1"/>
        <Attr Name="ImportPath" Val="$PPRDIR/../VGA_display_top/VGA_display_top.srcs/sources_1/imports/controlpath/controlpath.srcs/sim_1/new/tb_controlpath.sv"/>
        <Attr Name="ImportTime" Val="1733401278"/>
        <Attr Name="UsedIn" Val="synthesis"/>
        <Attr Name="UsedIn" Val="implementation"/>
        <Attr Name="UsedIn" Val="simulation"/>
      </FileInfo>
    </File>
    <File Path="$PSRCDIR/sources_1/imports/it/DigitalSystemDesign/Assignment2/VGA_display_top/VGA_display_top.srcs/sources_1/imports/data_path/line_clear/line_clear.srcs/sim_1/new/tb_lineclear_algo.sv">
      <FileInfo>
        <Attr Name="AutoDisabled" Val="1"/>
        <Attr Name="ImportPath" Val="$PPRDIR/../VGA_display_top/VGA_display_top.srcs/sources_1/imports/data_path/line_clear/line_clear.srcs/sim_1/new/tb_lineclear_algo.sv"/>
        <Attr Name="ImportTime" Val="1733404647"/>
        <Attr Name="UsedIn" Val="synthesis"/>
        <Attr Name="UsedIn" Val="implementation"/>
        <Attr Name="UsedIn" Val="simulation"/>
      </FileInfo>
    </File>
    <File Path="$PSRCDIR/sources_1/imports/it/DigitalSystemDesign/Assignment2/VGA_display_top/VGA_display_top.srcs/sources_1/imports/data_path/line_clear/line_clear.sim/sim_1/behav/xsim/glbl.v">
      <FileInfo>
        <Attr Name="AutoDisabled" Val="1"/>
        <Attr Name="ImportPath" Val="$PPRDIR/../VGA_display_top/VGA_display_top.srcs/sources_1/imports/data_path/line_clear/line_clear.sim/sim_1/behav/xsim/glbl.v"/>
        <Attr Name="ImportTime" Val="1558713910"/>
        <Attr Name="UsedIn" Val="synthesis"/>
        <Attr Name="UsedIn" Val="implementation"/>
        <Attr Name="UsedIn" Val="simulation"/>
      </FileInfo>
    </File>
    <File Path="$PSRCDIR/sources_1/imports/it/DigitalSystemDesign/Assignment2/VGA_display_top/VGA_display_top.srcs/sources_1/imports/data_path/bresenham_algo/bresenham_algo.sim/sim_1/behav/xsim/glbl.v">
      <FileInfo>
        <Attr Name="AutoDisabled" Val="1"/>
        <Attr Name="ImportPath" Val="$PPRDIR/../VGA_display_top/VGA_display_top.srcs/sources_1/imports/data_path/bresenham_algo/bresenham_algo.sim/sim_1/behav/xsim/glbl.v"/>
        <Attr Name="ImportTime" Val="1558713910"/>
        <Attr Name="UsedIn" Val="synthesis"/>
        <Attr Name="UsedIn" Val="implementation"/>
        <Attr Name="UsedIn" Val="simulation"/>
      </FileInfo>
    </File>
    <Config>
      <Option Name="DesignMode" Val="RTL"/>
      <Option Name="TopModule" Val="VGA_TOP"/>
      <Option Name="TopAutoSet" Val="TRUE"/>
    </Config>
  </FileSet>
  <FileSet Name="constrs_in" Type="Constrs" RelSrcDir="$PSRCDIR/constrs_1">
    <Filter Type="Constrs"/>
    <File Path="$PSRCDIR/constrs_1/imports/FPGA programming files/pin-assignment.xdc">
      <FileInfo>
        <Attr Name="ImportPath" Val="$PPRDIR/../VGA_display_top/VGA_display_top.srcs/constrs_1/imports/FPGA programming files/pin-assignment.xdc"/>
        <Attr Name="ImportTime" Val="1733406640"/>
        <Attr Name="UsedIn" Val="synthesis"/>
        <Attr Name="UsedIn" Val="implementation"/>
      </FileInfo>
    </File>
    <Config>
      <Option Name="TargetConstrsFile" Val="$PSRCDIR/constrs_1/imports/FPGA programming files/pin-assignment.xdc"/>
      <Option Name="ConstrsType" Val="XDC"/>
    </Config>
  </FileSet>
  <FileSet Name="utils" Type="Utils" RelSrcDir="$PSRCDIR/utils_1">
    <Filter Type="Utils"/>
    <Config>
      <Option Name="TopAutoSet" Val="TRUE"/>
    </Config>
  </FileSet>
  <Strategy Version="1" Minor="2">
    <StratHandle Name="Vivado Synthesis Defaults" Flow="Vivado Synthesis 2019"/>
    <Step Id="synth_design"/>
  </Strategy>
</GenRun>
